<configuration>

	<appender name="STDOUT" class="ch.qos.logback.core.ConsoleAppender">
		<rollingPolicy class="ch.qos.logback.core.rolling.TimeBasedRollingPolicy">
			<fileNamePattern>/app/kafkaProducerConsumer/logFile.%d{yyyy-MM-dd}.log</fileNamePattern>
			<maxHistory>90</maxHistory>
		</rollingPolicy>
		<encoder>
			<pattern>%d{HH:mm:ss.SSS} [%thread] %-5level %logger{36} - %msg%n
			</pattern>
		</encoder>
	</appender>

	<logger name="org.apache" level="INFO" />


	<root level="WARN">
		<appender-ref ref="STDOUT" />
	</root>

</configuration>
